{"query":"compressor won\u0027t start","ids":[101,29329,2180,1005,1056,2707,102,0,0,0,0,0,0,0,0,0,0,0,0,0,0,0,0,0,0,0,0,0,0,0,0,0,0,0,0,0,0,0,0,0,0,0,0,0,0,0,0,0,0,0,0,0,0,0,0,0,0,0,0,0,0,0,0,0],"queryVector":[-0.04148241,-0.014080704,-0.08586609,-0.01700572,0.015852781,-0.02765051,-0.09838211,-0.024472557,-0.020431956,-0.016936997,0.024744,0.023281215,-0.013387292,0.040187772,-0.02477588,0.05501797,-0.008120973,-0.09478599,-0.016107729,-0.03995208,-0.08245647,0.037427824,-0.01957729,-0.022098426,0.010611543,0.091239266,-0.026796427,0.03604005,-0.050209094,-0.0052886466,0.04896299,-0.11536112,0.05091791,0.05109301,0.06551398,0.092079215,0.038519755,-0.03770272,-0.026181748,0.033273295,0.010247071,-0.006364531,-0.014189873,0.024317097,0.03150327,0.009723113,0.072061375,0.05124464,0.06278645,0.018655688,-0.05543858,-0.023754181,0.0014591444,-0.08684046,0.061681584,0.04491873,-0.046963964,-0.00653447,0.013841304,-0.069224626,-0.06852413,-0.075959146,-0.036803633,0.028242255,0.011159766,0.008273182,0.06445693,-0.0062183426,-0.0074461536,-0.033280045,0.0144029725,0.014931922,-0.0186013,0.13890766,-0.02438028,-0.003941536,0.0061202794,-0.035572004,0.048614983,0.0031951864,0.017016143,-0.085713886,0.004960797,0.03532827,-0.042353246,0.049188163,0.03892987,-0.042057414,-0.08021666,-0.009216395,-0.045415606,0.013656292,0.04395626,-0.01368121,0.017916346,0.009769067,0.023583462,0.01938245,-0.051014196,0.085606135,-0.02214406,0.010579745,0.05964332,-0.007212163,-0.06152685,-0.052808523,-0.020855851,0.059881467,-0.050067596,-0.024816234,0.009930506,0.0003734223,0.031368174,-0.013635554,0.15270278,-0.02224724,0.0027841083,-0.06529034,-0.070507124,-0.004558597,0.0044433745,-0.019309064,-0.07328908,-0.00028252508,-0.087412,0.018025288,0.012207208,-6.533655E-33,0.059150163,-0.06596726,0.03399869,0.05779598,-0.086008236,0.094704725,0.048833277,0.03418201,-0.034429587,0.13722292,0.057663575,0.01759976,-0.0315996,-0.02927098,0.010022863,-0.03134869,-0.026027856,0.0046816817,-0.13227642,-0.0036772317,0.053303577,-0.0013728716,-0.07462957,0.01861758,-0.02110879,0.053820375,0.0019925702,-0.0353083,0.1107027,-0.01675108,0.09705067,0.045433853,-0.08726125,0.001975849,-0.03261924,-0.01248367,-0.01815079,0.03667002,-0.047914788,-0.05762564,-0.02596699,0.072028786,-0.09011884,-0.05564115,-0.043444555,-0.0055875373,0.052657902,-0.005230326,-0.034442246,-0.05219426,0.042828444,0.060101107,0.05437577,0.0876761,-0.010645534,0.1164861,0.01643339,0.006930589,-0.00713187,-0.07777679,-0.012014718,0.0021655709,0.021376638,-0.05942202,0.080383204,0.037021946,-0.014879781,0.024090657,0.0555337,0.019108165,0.06512426,-0.06891175,0.06402041,0.011300672,0.026967913,0.086156346,-0.06012215,-0.022561528,-0.12082517,-0.03044065,0.0028045017,-0.06779759,0.04858929,-0.008496328,0.016258301,0.017025677,-0.09034777,0.08901449,-0.00876105,0.00089391513,-0.02639472,-0.011413364,0.004913714,0.029964905,0.038290177,3.611869E-33,0.010648359,-0.0055369465,-0.06335227,-0.058760654,-0.03689258,-0.03091266,-0.045310188,-0.0034613544,-0.0039382298,0.020523295,0.029418718,0.01198107,0.01020996,-0.0069727087,0.041441474,0.015792584,-0.02856743,0.038345072,0.03944676,0.031616922,-0.035944097,-0.0053785816,-0.07093444,0.033039186,-0.027471816,0.05111558,-0.01269696,-0.01957762,0.027875885,0.063045904,0.104806386,-0.036834963,0.03779421,0.09721921,-0.031010829,0.009750339,-0.072305605,0.021040177,-0.057794504,-0.06984088,0.001921086,0.0326012,0.0442246,0.018287934,-0.050411504,-0.04267679,0.11570161,-0.1866229,0.028841902,-0.021366043,-0.07421884,-0.022157045,0.041842606,-0.046127,0.032810554,-0.030690791,0.089407675,-0.020734621,-0.024039034,-0.062850855,0.029325154,0.052623134,-0.014450365,-0.020241302,0.006347744,-0.06467391,0.016163617,0.018865483,0.030248549,0.0039041596,0.019348228,0.08948341,0.0746887,-0.051729783,-0.049895987,0.07020309,-0.004620174,0.039262593,-0.007893685,0.019731464,0.0065569235,-0.04014437,-0.044150967,0.0013599936,0.033137098,-0.037595585,0.09915566,0.030811649,-0.017911486,0.010638008,-0.10155015,0.030658694,0.092552625,0.033521224,-0.024684435,-1.3495804E-08,-0.07272458,0.04831319,0.024399467,0.05960578,0.06315278,0.035632145,0.04776209,0.059399713,-0.05610699,-0.0510318,0.034313034,-0.0006206219,0.019063486,-0.011122501,0.004020659,-0.079892084,-0.04970686,0.053320203,0.034869876,-0.02604365,-0.04629174,0.005781184,-0.025665993,-0.09677022,-0.0019112653,-0.02327319,0.054865193,0.0020047764,0.057250444,0.07668595,-0.09470862,0.03536509,0.013139303,-0.13376877,-0.07545696,-0.03290093,0.08406378,0.035836916,-0.042430367,-0.17416337,0.07759949,0.11515644,-0.041540764,0.0041973027,0.03628042,0.03815093,0.07611339,-0.0060064984,-0.040650755,0.043117717,-0.041917164,0.03766442,-0.022791186,-0.0056971265,0.065599486,-0.042180024,-0.10021775,0.018601714,-0.039893672,0.010602375,-0.045178898,-0.06627301,0.013479405,-0.021937262],"expectedTopChunkId":"hvac-001#2"}