{"query":"compressor won\u0027t start","ids":[101,29329,2180,1005,1056,2707,102,0,0,0,0,0,0,0,0,0,0,0,0,0,0,0,0,0,0,0,0,0,0,0,0,0,0,0,0,0,0,0,0,0,0,0,0,0,0,0,0,0,0,0,0,0,0,0,0,0,0,0,0,0,0,0,0,0],"queryVector":[-0.030389924,-0.017897611,-0.09568569,-0.023246827,0.03282847,-0.017074859,-0.09174073,-0.03690517,-0.025561614,-0.021482157,0.034733262,0.017977083,-0.021319536,0.030097777,-0.020555303,0.054130424,-0.015706308,-0.08150619,-0.019240236,-0.04612732,-0.096383154,0.029432496,-0.01101026,-0.014772277,-0.0029355998,0.08388339,-0.04368334,0.019589951,-0.068397805,-0.011632987,0.042455405,-0.14815755,0.054545537,0.039725732,0.06449999,0.102319926,0.058371343,-0.027026331,-0.040449638,0.045093805,-0.0027383745,-0.014751699,-0.01833945,0.029359616,0.024563318,0.017197045,0.07679615,0.047052234,0.058540333,0.01359805,-0.064753935,-0.042333234,-0.0087585505,-0.079168156,0.05380596,0.036846027,-0.037694428,-0.0002796458,0.0143786045,-0.058826968,-0.064206,-0.08074661,-0.035833333,0.025968084,0.02063677,0.019813946,0.041161824,0.0024423327,-0.006389275,-0.025677698,0.0004594753,0.015193116,-0.019665658,0.15116476,-0.034541424,0.017232724,-0.0027908683,-0.026696213,0.05842632,0.005171111,0.014659033,-0.091080844,-0.010563836,0.042866748,-0.024014961,0.05902783,0.034514323,-0.025946034,-0.07199117,-0.00769493,-0.046918314,-0.005758388,0.0449559,-0.008508823,0.036443025,0.0021696487,0.014101458,-0.0040298593,-0.055321515,0.07261866,-0.012196747,0.004828768,0.075720064,-0.02511506,-0.050946437,-0.04875163,-0.033850066,0.059822958,-0.044325914,-0.047718894,0.024759725,-0.00035528356,0.033297297,-0.02317508,0.14282264,0.00016627503,0.0019986178,-0.068453625,-0.06671977,-0.00579181,-0.009909624,-0.021699207,-0.07403265,0.0070206076,-0.09650328,0.023053953,0.004751221,-6.0049034E-33,0.05747817,-0.07120954,0.02835899,0.075602695,-0.08437016,0.09082942,0.037552647,0.016639054,-0.036612038,0.13150923,0.055467702,-0.0013184847,-0.02823752,-0.015945327,0.00033739585,-0.05069759,-0.019393729,-0.009808508,-0.1308603,-0.01064209,0.054443,-0.009434983,-0.09004763,0.014545105,-0.026218882,0.047687147,-0.0027960313,-0.02481053,0.10294313,-0.014026543,0.076148,0.04295142,-0.08103191,-0.0017227336,-0.036787145,0.00024349948,-0.0045596277,0.03433678,-0.029767506,-0.05793271,-0.037837863,0.08516839,-0.099622495,-0.06413239,-0.039695695,-0.014240357,0.054957822,-0.00032371143,-0.026543494,-0.045752194,0.033454902,0.07133232,0.0513207,0.090622015,-0.010220204,0.12407187,0.013975647,0.017416574,-0.008904186,-0.07297177,0.000107479034,0.0092691025,0.0057657235,-0.05074077,0.071799904,0.035202008,-0.028395059,0.013540159,0.05192144,0.015461876,0.06777172,-0.06794053,0.038176455,0.021566613,0.02734825,0.10240522,-0.052141048,-0.03368882,-0.12308698,-0.025047224,0.036720823,-0.05314994,0.043523423,0.0005187882,0.024092617,0.023681125,-0.08376166,0.08392283,0.007882501,-0.010600539,-0.0037354145,0.00063704007,0.033495236,0.032475412,0.027439345,3.4030117E-33,0.0041792034,0.0031739394,-0.058232225,-0.06543087,-0.017617797,-0.038465373,-0.028711844,-0.040682416,-0.011654126,0.028276632,0.008989487,0.013801753,0.031884618,-0.0062043983,0.041269496,0.008892767,-0.018168446,0.03093789,0.036135096,0.030671908,-0.03538701,-0.017880311,-0.0972559,0.022773132,-0.048794173,0.061205845,-0.019946152,-0.016204169,0.028873308,0.06568153,0.11392201,-0.014171234,0.05168022,0.09595524,-0.026709618,-0.00092854304,-0.069220826,0.029738734,-0.06943515,-0.074161716,-0.008795027,0.028794967,0.043714367,0.0070142727,-0.06302769,-0.03317293,0.11877251,-0.19743916,0.02087176,-0.003166738,-0.08498856,-0.023585388,0.03788389,-0.046117075,0.053282324,-0.02883115,0.10049947,-0.012299007,-0.026100172,-0.045390964,0.019298377,0.046878953,-0.025847107,-0.024618022,-0.00089191436,-0.064188235,0.0075544133,0.026300883,0.020469906,0.001425806,0.011759663,0.09154056,0.06972516,-0.051950403,-0.06450224,0.061345886,0.01442523,0.043458555,-0.010551709,0.023252388,0.029606191,-0.04944469,-0.024859563,0.002457152,0.02325528,-0.019321386,0.07781383,0.028727053,-0.009695593,0.01725891,-0.08868968,0.021949897,0.08770543,0.04446191,-0.011982754,-1.35236204E-08,-0.07870393,0.037866708,0.035195313,0.046736542,0.055021223,0.046973884,0.06156781,0.059250243,-0.049639516,-0.06103467,0.030579397,-0.011807395,0.025412109,-0.0017173634,0.010697252,-0.05686076,-0.04081886,0.0514039,0.052128416,-0.001425132,-0.050481968,0.010279728,-0.025353834,-0.077952735,-0.0088554295,-0.025617504,0.057194505,0.015111365,0.06490118,0.07667056,-0.07685628,0.034050316,0.014078264,-0.14608422,-0.061640993,-0.013100127,0.06568777,0.04815914,-0.046536766,-0.16495007,0.08861787,0.10183125,-0.038213167,0.0025082773,0.023872254,0.048768412,0.05067759,-0.01838605,-0.049740016,0.056446176,-0.040948972,0.022367053,-0.009633526,-0.011805046,0.06537359,-0.02019247,-0.09567977,0.037800007,-0.044435404,0.0026887527,-0.047242805,-0.050966553,0.011261894,-0.02557724],"expectedTopChunkId":"hvac-001#2"}